,1. open,2. high,3. low,4. close,5. volume
2020-06-25,25.1900,25.1900,24.9900,25.0610,1664541
2020-06-26,24.8250,24.8400,24.7300,24.7850,13800
2020-06-29,24.6800,24.6800,24.5700,24.6007,10781
2020-06-30,24.7000,24.7200,24.6700,24.7070,12300
2020-07-01,24.7000,24.7100,24.6700,24.6900,8483
2020-07-02,24.6600,24.7000,24.6600,24.7000,19462
2020-07-06,24.7200,24.7800,24.7200,24.7520,8100
2020-07-07,24.8000,24.8000,24.6370,24.6370,8451
2020-07-08,24.3600,24.7000,24.3600,24.6650,6223
2020-07-09,24.6100,24.6100,24.5500,24.5960,13700
2020-07-10,24.5790,24.6800,24.5790,24.6460,4940
2020-07-13,24.7700,24.7700,24.5450,24.5450,2007
2020-07-14,24.6600,24.7300,24.6500,24.7200,32400
2020-07-15,24.8800,24.9100,24.8300,24.8790,12700
2020-07-16,24.8800,24.9200,24.8800,24.8810,13900
2020-07-17,24.9300,24.9800,24.9000,24.9730,9000
2020-07-20,25.0650,25.1050,25.0650,25.1050,1300
2020-07-21,25.2100,25.2700,25.1850,25.1970,80900
2020-07-22,25.2100,25.2699,25.2100,25.2689,3470
2020-07-23,25.1900,25.2065,25.1300,25.2065,3725
2020-07-24,25.2450,25.2508,25.2102,25.2508,13698
2020-07-27,25.2600,25.3200,25.2500,25.3192,9654
2020-07-28,25.2900,25.2900,25.2200,25.2429,17281
2020-07-29,25.3000,25.3681,25.3000,25.3681,9183
2020-07-30,25.2600,25.4400,25.2600,25.4400,2475
2020-07-31,25.3600,25.4900,25.3595,25.4900,23434
2020-08-03,25.4200,25.4712,25.4200,25.4712,2237
2020-08-04,25.4700,25.4700,25.4300,25.4697,3877
2020-08-05,25.5000,25.5100,25.4700,25.4904,7336
2020-08-06,25.5484,25.5672,25.5300,25.5672,11201
2020-08-07,25.5400,25.5400,25.4800,25.5200,9467
2020-08-10,25.5300,25.5600,25.5200,25.5305,4989
2020-08-11,25.5050,25.5050,25.3600,25.3600,3254
2020-08-12,25.4350,25.4350,25.3708,25.3708,789
2020-08-13,25.4500,25.4500,25.2877,25.2877,3984
2020-08-14,25.2100,25.2100,25.1549,25.1549,4326
2020-08-17,25.2700,25.2873,25.2300,25.2873,15770
2020-08-18,25.2500,25.3600,25.2500,25.3066,4822
2020-08-19,25.3000,25.3250,25.2539,25.2539,13349
2020-08-20,25.2300,25.3205,25.2300,25.3205,13472
2020-08-21,25.3399,25.3500,25.3100,25.3200,11550
2020-08-24,25.4202,25.4350,25.4200,25.4350,2697
2020-08-25,25.4201,25.4943,25.4000,25.4943,6251
2020-08-26,25.4900,25.5100,25.4600,25.4789,10283
2020-08-27,24.9700,25.5000,24.9700,25.4551,3035
2020-08-28,25.4900,25.5000,25.4700,25.4824,28485
2020-08-31,25.4650,25.4900,25.4598,25.4630,9878
2020-09-01,25.5200,25.5900,25.5200,25.5900,8704
2020-09-02,25.5668,25.6313,25.5550,25.6111,6789
2020-09-03,25.4050,25.4900,25.4050,25.4811,5946
2020-09-04,25.3700,25.5000,25.3700,25.4200,11990
2020-09-08,25.3300,25.3300,25.2749,25.2749,4215
2020-09-09,25.3609,25.4600,25.3609,25.4200,4492
2020-09-10,25.0000,25.4699,25.0000,25.3741,7557
2020-09-11,25.3390,25.3877,25.2900,25.3877,6995
2020-09-14,25.4300,25.4300,25.3501,25.3630,6445
2020-09-15,25.3643,25.3643,25.3200,25.3340,1517
2020-09-16,25.4090,25.4090,25.3402,25.3477,2398
2020-09-17,24.9100,25.3600,24.9100,25.3425,11552
2020-09-18,25.3490,25.3500,25.2629,25.2629,3114
2020-09-21,25.0500,25.1000,25.0400,25.0742,4120
2020-09-22,25.0750,25.1042,25.0750,25.1042,1092
2020-09-23,25.0700,25.1000,25.0300,25.0500,12692
2020-09-24,25.0750,25.1000,25.0750,25.0750,3866
2020-09-25,25.0600,25.1000,25.0500,25.0750,7462
2020-09-28,25.0600,25.1000,25.0500,25.0750,9675
2020-09-29,25.0500,25.1000,25.0500,25.0800,26892
2020-09-30,25.0800,25.1090,25.0410,25.0750,29769
2020-10-01,25.0700,25.1091,25.0401,25.1000,19457
2020-10-02,24.6100,25.1099,24.6100,25.1000,1823
2020-10-05,25.0700,25.1799,25.0700,25.1400,5545
2020-10-06,25.1201,25.2700,25.1124,25.1124,11571
2020-10-07,25.0000,25.2299,25.0000,25.1900,9109
2020-10-08,25.2000,25.2599,25.2000,25.2350,9257
2020-10-09,25.3300,25.3399,25.2900,25.2900,2076
2020-10-12,25.4200,25.4700,25.4000,25.4105,7347
2020-10-13,25.4000,25.4000,25.3000,25.3400,11018
2020-10-14,24.9300,25.3166,24.9300,25.2800,5362
2020-10-15,25.2450,25.2650,25.2450,25.2650,783
2020-10-16,25.2600,25.2650,25.1950,25.2150,9855
2020-10-19,24.8000,25.2800,24.8000,25.1700,10584
2020-10-20,24.8600,25.2400,24.8600,25.2350,9417
2020-10-21,25.2437,25.2700,25.2200,25.2229,5818
2020-10-22,25.2400,25.2800,25.2350,25.2615,13795
2020-10-23,25.2400,25.3000,25.2310,25.2799,13088
2020-10-26,25.2200,25.2400,25.1009,25.1222,13720
2020-10-27,24.8600,25.1700,24.8600,25.1050,14397
2020-10-28,24.6400,24.9900,24.6400,24.8896,26636
2020-10-29,24.9100,24.9600,24.8700,24.9150,14516
2020-10-30,24.9000,24.9500,24.9000,24.9300,10199
2020-11-02,24.9400,24.9400,24.9200,24.9200,4727
2020-11-03,24.9500,24.9500,24.9200,24.9250,5064
2020-11-04,25.0350,25.0600,25.0150,25.0207,5286
2020-11-05,25.1400,25.1800,25.1250,25.1424,10075
2020-11-06,25.1074,25.1459,25.0687,25.0687,11471
2020-11-09,25.4799,25.4800,25.2406,25.2406,46114
2020-11-10,25.2200,25.2734,25.2200,25.2734,6949
2020-11-11,25.2450,25.2450,25.2200,25.2300,10306
2020-11-12,25.1200,25.1250,25.1107,25.1107,938
2020-11-13,25.1587,25.1800,25.1550,25.1706,2155
2020-11-16,24.9500,25.2876,24.9500,25.2876,4456
2020-11-17,25.3300,25.3600,25.2850,25.3243,15847
2020-11-18,25.0700,25.3600,25.0700,25.2624,6732
2020-11-19,25.3100,25.3800,25.2700,25.3426,11368
2020-11-20,25.3260,25.3500,25.2700,25.2700,52196
2020-11-23,25.2910,25.3700,25.2900,25.3477,21297
2020-11-24,25.0900,25.4755,25.0900,25.4034,72944
2020-11-25,25.3800,25.4400,25.3800,25.4148,24516
2020-11-27,25.4700,25.4700,25.4455,25.4455,8592
2020-11-30,25.4200,25.4500,25.3900,25.4280,30305
2020-12-01,25.5100,25.5220,25.5000,25.5000,1988
2020-12-02,25.4700,25.5899,25.4610,25.5675,31246
2020-12-03,25.5900,25.6500,25.5700,25.5828,24137
2020-12-04,25.6300,25.6750,25.6216,25.6750,12840
2020-12-07,25.6300,25.6500,25.6200,25.6400,18939
2020-12-08,25.6600,25.6600,25.6500,25.6500,4239
2020-12-09,25.6300,25.6599,25.5800,25.6249,10962
2020-12-10,25.6450,25.6750,25.6450,25.6694,16549
2020-12-11,25.6200,25.6499,25.6100,25.6300,7980
2020-12-14,25.6350,25.6400,25.6101,25.6300,6865
2020-12-15,25.1639,25.2199,25.1639,25.2100,1008
2020-12-16,25.1600,25.1989,25.1600,25.1989,2374
2020-12-17,25.2310,25.2400,25.2255,25.2255,8035
2020-12-18,25.2262,25.2488,25.2100,25.2488,12131
2020-12-21,25.1400,25.1900,25.1400,25.1600,28675
2020-12-22,25.1600,25.2050,25.1600,25.1817,3662
2020-12-23,25.2500,25.2800,25.2500,25.2661,10981
2020-12-24,25.3000,25.3202,25.3000,25.3202,2319
2020-12-28,25.3676,25.3676,25.3500,25.3500,2951
2020-12-29,25.3414,25.3500,25.3414,25.3450,1424
2020-12-30,25.2500,25.4100,25.2500,25.3851,8577
2020-12-31,25.2800,25.4400,25.2800,25.4200,15526
2021-01-04,25.8500,25.8500,25.3100,25.3518,4646
2021-01-05,25.3400,25.3700,25.3400,25.3700,4417
2021-01-06,25.3900,25.4000,25.3245,25.3245,3947
2021-01-07,25.3800,25.4000,25.3700,25.3750,3762
2021-01-08,25.4000,25.4200,25.3600,25.4102,19352
2021-01-11,25.1600,25.3400,25.1600,25.3123,11030
2021-01-12,25.3002,25.3500,25.3000,25.3400,4446
2021-01-13,25.3400,25.4000,25.3400,25.4000,25993
2021-01-14,25.4004,25.4339,25.3969,25.3969,2706
2021-01-15,25.3500,25.4000,25.3500,25.3701,1398
2021-01-19,25.3950,25.4399,25.3900,25.4399,13151
2021-01-20,25.4500,25.4684,25.4400,25.4684,19718
2021-01-21,25.4600,25.4616,25.4600,25.4616,1911
2021-01-22,25.4400,25.4400,25.4200,25.4200,2657
2021-01-25,25.4000,25.4200,25.3800,25.3901,4856
2021-01-26,25.3800,25.4100,25.3800,25.3905,6756
2021-01-27,25.3500,25.3500,25.2921,25.3245,2576
2021-01-28,25.4001,25.4366,25.3600,25.3652,12532
2021-01-29,25.4100,25.4100,25.3005,25.3005,1182
2021-02-01,25.3300,25.4000,25.3300,25.3764,1698
2021-02-02,25.4550,25.4700,25.4400,25.4548,11892
2021-02-03,25.4600,25.4990,25.4600,25.4757,17154
2021-02-04,25.5200,25.5200,25.5100,25.5200,10427
2021-02-05,25.5950,25.5950,25.5400,25.5540,15739
2021-02-08,25.5700,25.6245,25.5700,25.6193,21455
2021-02-09,25.6200,25.6200,25.5806,25.5806,11319
2021-02-10,25.5600,25.6100,25.5500,25.5850,38808
2021-02-11,25.5700,25.5950,25.5700,25.5940,12292
2021-02-12,25.5950,25.6500,25.5800,25.6350,51817
2021-02-16,25.3800,25.5599,25.3800,25.5300,12311
2021-02-17,25.5084,25.5250,25.5000,25.5250,14918
2021-02-18,25.4600,25.5150,25.4600,25.5082,3677
2021-02-19,25.5450,25.5450,25.4810,25.5050,3851
2021-02-22,25.4785,25.4899,25.4310,25.4482,11377
2021-02-23,25.4300,25.5097,25.4200,25.4998,1892
2021-02-24,25.4700,25.5100,25.4700,25.5009,28832
2021-02-25,25.3900,25.3900,25.3200,25.3400,10819
2021-02-26,25.3400,25.3400,25.2777,25.2777,25270
2021-03-01,25.3200,25.3600,25.3200,25.3400,44511
2021-03-02,25.3588,25.4000,25.3530,25.3530,14701
2021-03-03,25.2800,25.3000,25.2600,25.2930,16921
2021-03-04,25.2900,25.2901,25.1700,25.1925,17166
2021-03-05,25.2500,25.2500,25.2079,25.2300,18714
2021-03-08,25.2100,25.2100,25.1310,25.1500,20341
2021-03-09,25.1600,25.1600,25.1200,25.1550,35622
2021-03-10,25.1702,25.1900,25.1400,25.1750,20954
2021-03-11,25.1750,25.2000,25.1400,25.1750,33168
2021-03-12,25.1300,25.1900,25.1200,25.1750,36361
2021-03-15,25.1300,25.1700,25.1100,25.1450,10246
2021-03-16,25.1700,25.1700,25.1000,25.1400,13035
2021-03-17,25.1000,25.1700,25.1000,25.1400,18892
2021-03-18,25.1100,25.1400,25.0900,25.1140,6469
2021-03-19,25.1240,25.1790,25.1100,25.1400,1808
2021-03-22,25.1350,25.1530,25.0900,25.1350,15710
2021-03-23,25.1250,25.1250,25.0800,25.1250,7212
2021-03-24,25.0900,25.1500,25.0900,25.1250,13528
2021-03-25,25.0800,25.1300,25.0800,25.1200,3259
2021-03-26,25.1259,25.1300,25.0800,25.1250,15328
2021-03-29,25.0700,25.1800,25.0700,25.1600,4891
2021-03-30,25.1350,25.1500,25.1250,25.1250,4115
2021-03-31,25.1650,25.2099,25.1500,25.1900,6600
2021-04-01,25.2400,25.2407,25.2000,25.2407,12990
2021-04-05,25.2750,25.2937,25.2500,25.2750,12982
2021-04-06,25.3100,25.3200,25.2700,25.2800,9187
2021-04-07,25.3100,25.3100,25.2710,25.3100,12391
2021-04-08,25.3000,25.3150,25.2800,25.3100,10057
2021-04-09,25.2800,25.3037,25.2400,25.2900,11050
2021-04-12,25.2522,25.2900,25.2300,25.2750,5611
2021-04-13,25.2200,25.3090,25.2134,25.2750,3586
2021-04-14,25.3100,25.3130,25.2500,25.2950,3445
2021-04-15,25.2650,25.2700,25.2650,25.2700,921
2021-04-16,25.2900,25.3000,25.2600,25.2600,5277
2021-04-19,25.2400,25.2400,25.1800,25.2139,6589
2021-04-20,25.2200,25.2200,25.1500,25.1900,11406
2021-04-21,25.1850,25.2299,25.1500,25.2056,3983
2021-04-22,25.2200,25.2200,25.2150,25.2150,11600
2021-04-23,25.2250,25.2600,25.1907,25.2404,11391
2021-04-26,25.3290,25.3290,25.2600,25.2600,2489
2021-04-27,25.2600,25.2800,25.2200,25.2400,13921
2021-04-28,25.2600,25.2900,25.2550,25.2600,4552
2021-04-29,25.2650,25.2900,25.2310,25.2730,4082
2021-04-30,25.2600,25.2800,25.2300,25.2655,5120
2021-05-03,25.2700,25.3000,25.2700,25.2800,3967
2021-05-04,25.2600,25.2600,25.2381,25.2600,56728
2021-05-05,25.2900,25.3000,25.2500,25.2902,6577
2021-05-06,25.2700,25.2801,25.2600,25.2801,5900
2021-05-07,25.3499,25.3499,25.2801,25.3000,2517
2021-05-10,25.3300,25.3300,25.2728,25.2728,3792
2021-05-11,25.2350,25.2699,25.2000,25.2355,10560
2021-05-12,25.2200,25.2200,25.1483,25.1483,7383
2021-05-13,25.2200,25.2200,25.1800,25.1852,1485
2021-05-14,25.1600,25.2100,25.1600,25.1724,3625
2021-05-17,25.2000,25.2000,25.1600,25.1643,5459
2021-05-18,25.1580,25.1580,25.1200,25.1261,2245
2021-05-19,25.0750,25.1200,25.0555,25.0555,4389
2021-05-20,25.0700,25.0900,25.0700,25.0900,573
2021-05-21,25.1000,25.1300,25.1000,25.1059,65874
2021-05-24,25.1200,25.1400,25.1110,25.1200,29079
2021-05-25,25.1400,25.1400,25.1250,25.1250,9054
2021-05-26,25.1400,25.1500,25.1302,25.1302,16009
2021-05-27,25.1700,25.1700,25.1200,25.1250,837
2021-05-28,25.2000,25.2000,25.1276,25.1276,1620
2021-06-01,24.8800,25.2100,24.8800,25.1850,1560
2021-06-02,25.2000,25.2300,25.1900,25.2125,7548
2021-06-03,25.1900,25.2100,25.1849,25.1849,1835
2021-06-04,25.2050,25.2171,25.2000,25.2171,8073
2021-06-07,25.2350,25.2400,25.2200,25.2400,3193
2021-06-08,25.2790,25.2900,25.2110,25.2507,2443
2021-06-09,25.2750,25.2800,25.2700,25.2725,13727
2021-06-10,25.3100,25.3200,25.2701,25.3049,985
2021-06-11,25.3400,25.3400,25.3100,25.3200,1538
2021-06-14,25.3200,25.3299,25.2610,25.3055,3512
2021-06-15,25.2000,25.2800,25.1900,25.2398,12139
2021-06-16,25.2400,25.2690,25.2131,25.2131,8580
2021-06-17,25.3700,25.3700,25.2000,25.2039,4522
2021-06-18,25.1800,25.2200,25.1700,25.1827,7467
2021-06-21,25.2200,25.2600,25.2050,25.2263,2797
2021-06-22,25.2420,25.2600,25.2300,25.2423,12873
2021-06-23,25.2800,25.2800,25.2552,25.2552,6022
2021-06-24,25.2800,25.3299,25.2700,25.2950,5799
2021-06-25,25.3500,25.3580,25.2701,25.3200,8510
2021-06-28,25.3150,25.3400,25.3000,25.3150,26720
2021-06-29,25.3400,25.3600,25.2900,25.3438,84950
2021-06-30,25.3300,25.3500,25.3001,25.3350,6581
2021-07-01,25.3750,25.4000,25.3600,25.3775,13608
2021-07-02,25.3870,25.4300,25.3810,25.4186,14951
2021-07-06,25.3300,25.4300,25.3300,25.4108,12977
2021-07-07,25.4200,25.4220,25.4000,25.4220,4109
2021-07-08,25.3800,25.3800,25.3500,25.3500,16168
2021-07-09,25.3850,25.4200,25.3800,25.4052,11983
2021-07-12,25.4000,25.4100,25.3800,25.3800,1077
2021-07-13,25.3850,25.3850,25.3438,25.3438,515
2021-07-14,25.3500,25.3600,25.3400,25.3600,8540
2021-07-15,25.2800,25.2850,25.2800,25.2850,3507
2021-07-16,25.2750,25.2750,25.2488,25.2488,1774
2021-07-19,24.9400,25.1800,24.9400,25.0957,17916
2021-07-20,25.1290,25.1400,25.1290,25.1355,1113
2021-07-21,25.1690,25.1700,25.1201,25.1539,14509
2021-07-22,25.1700,25.1800,25.1600,25.1601,8697
2021-07-23,25.1900,25.2300,25.1900,25.2072,3586
2021-07-26,25.1600,25.1900,25.1600,25.1750,29035
2021-07-27,25.1600,25.1600,25.1250,25.1497,4343
2021-07-28,25.1659,25.1800,25.1500,25.1591,16268
2021-07-29,25.1800,25.2000,25.1800,25.1962,10694
2021-07-30,25.1800,25.1800,25.1748,25.1748,1217
2021-08-02,25.1700,25.1800,25.1255,25.1255,6792
2021-08-03,25.1400,25.1500,25.1250,25.1300,2693
2021-08-04,25.1200,25.1200,25.0999,25.0999,1650
2021-08-05,25.1000,25.1200,25.0900,25.1155,9323
2021-08-06,25.1200,25.1200,25.1100,25.1100,1680
2021-08-09,25.0800,25.0900,25.0500,25.0698,17187
2021-08-10,25.0600,25.0600,25.0100,25.0153,2647
2021-08-11,25.0300,25.0600,25.0100,25.0350,5994
2021-08-12,25.0500,25.0590,25.0360,25.0450,3433
2021-08-13,25.0000,25.0000,25.0000,25.0000,4562
2021-08-16,24.9900,25.0050,24.9800,25.0050,1616
2021-08-17,24.9900,24.9900,24.9850,24.9850,1566
2021-08-18,24.9700,25.0000,24.9500,24.9500,16688
2021-08-19,24.9500,25.0100,24.9500,24.9800,7081
2021-08-20,25.0200,25.0200,24.9450,24.9450,8239
2021-08-23,25.0100,25.0100,24.9900,24.9900,795
2021-08-24,24.9800,25.0099,24.9700,24.9800,22880
2021-08-25,24.9600,24.9950,24.9600,24.9950,5787
2021-08-26,24.9800,24.9990,24.9700,24.9750,96092
2021-08-27,25.0500,25.0600,25.0100,25.0400,15808
2021-08-30,25.0800,25.0800,25.0649,25.0649,1403
2021-08-31,25.0900,25.1000,25.0500,25.0750,7137
2021-09-01,25.1190,25.1190,25.1050,25.1050,484
2021-09-02,25.1300,25.1450,25.1300,25.1450,1884
2021-09-03,25.1500,25.1600,25.1350,25.1450,9086
2021-09-07,25.1100,25.1100,25.0950,25.0950,388
2021-09-08,25.0800,25.1099,25.0800,25.0950,5014
2021-09-09,25.1001,25.1300,25.1001,25.1200,3937
2021-09-10,25.1700,25.1700,25.1000,25.1100,2203
2021-09-13,25.1300,25.1500,25.1110,25.1350,4096
2021-09-14,25.1799,25.1799,25.1500,25.1500,2443
2021-09-15,25.1000,25.1000,25.0850,25.0850,1392
2021-09-16,25.1100,25.1100,25.0500,25.1000,3692
2021-09-17,25.3700,26.9000,25.0700,25.0850,6131
2021-09-20,25.0300,25.0300,24.9850,24.9850,673
2021-09-21,24.9800,25.0050,24.9600,25.0050,17263
2021-09-22,25.0100,25.0600,25.0100,25.0450,20779
2021-09-23,25.1200,25.1300,25.0410,25.0750,38463
2021-09-24,25.0500,25.0500,25.0300,25.0350,19207
2021-09-27,25.0300,25.0400,25.0300,25.0350,2632
2021-09-28,24.9300,24.9600,24.8800,24.8800,14541
2021-09-29,24.9600,24.9600,24.9550,24.9550,2527
2021-09-30,24.9942,24.9942,24.9204,24.9500,3808
2021-10-01,24.9600,25.0100,24.9600,24.9900,1390
2021-10-04,24.9200,24.9300,24.9200,24.9250,1294
2021-10-05,24.9300,24.9400,24.8900,24.9050,12545
2021-10-06,24.8800,24.9150,24.8700,24.9000,2961
2021-10-07,24.8950,24.9100,24.8950,24.8950,1808
2021-10-08,24.8950,24.8950,24.8900,24.8950,3727
2021-10-11,24.8800,24.8950,24.8800,24.8950,1097
2021-10-12,24.8800,24.8950,24.8800,24.8950,6385
2021-10-13,24.8950,24.8950,24.8950,24.8950,153
2021-10-14,24.9190,24.9190,24.8950,24.8950,2138
2021-10-15,24.8600,24.8600,24.8100,24.8300,29753
2021-10-18,24.8300,24.8300,24.8150,24.8150,2097
2021-10-19,24.8400,24.8400,24.8300,24.8300,2354
2021-10-20,24.8000,24.8500,24.8000,24.8300,16262
2021-10-21,24.8000,24.8300,24.8000,24.8300,2061
2021-10-22,24.8200,24.8300,24.8200,24.8200,9264
2021-10-25,24.8000,24.8500,24.8000,24.8200,5653
2021-10-26,24.9000,25.0300,24.7900,24.7900,125742
2021-10-27,24.8100,24.8300,24.8100,24.8200,4780
2021-10-28,24.8200,24.8388,24.8000,24.8200,20562
2021-10-29,24.8200,24.8200,24.8200,24.8200,356
2021-11-01,24.8010,24.8200,24.8000,24.8200,933
2021-11-02,24.8200,24.8400,24.8200,24.8200,8378
2021-11-03,24.8000,24.8200,24.8000,24.8200,10046
2021-11-04,24.8300,24.8300,24.8200,24.8200,3387
2021-11-05,24.8500,24.8500,24.8400,24.8500,3986
2021-11-08,24.8500,24.8500,24.8300,24.8300,5250
2021-11-09,24.8500,24.8600,24.8300,24.8600,1116
2021-11-10,24.8200,24.8200,24.7500,24.7500,1659
2021-11-11,24.7200,24.7500,24.7111,24.7150,2025
2021-11-12,24.7100,24.7100,24.7100,24.7100,3845
2021-11-15,24.7100,24.7100,24.6500,24.6700,5175
2021-11-16,24.4500,24.6900,24.4500,24.6700,6237
2021-11-17,24.6550,24.6700,24.6400,24.6538,9536
2021-11-18,24.6600,24.6600,24.6300,24.6400,8658
2021-11-19,24.6250,24.6400,24.6200,24.6300,5454
2021-11-22,24.6206,24.6500,24.6206,24.6400,1691
2021-11-23,24.6597,24.6600,24.6200,24.6400,2422
2021-11-24,24.6300,24.6400,24.6300,24.6400,6589
2021-11-26,24.6300,24.6400,24.6300,24.6400,577
2021-11-29,24.6300,24.6345,24.6300,24.6300,1241
2021-11-30,24.6106,24.6433,24.6106,24.6300,2037
2021-12-01,24.6000,24.6478,24.6000,24.6300,5336
2021-12-02,24.6300,24.6500,24.6300,24.6300,3619
2021-12-03,24.6300,24.6500,24.6104,24.6300,3164
2021-12-06,24.6300,24.6400,24.6100,24.6300,2318
2021-12-07,24.6100,24.6300,24.6100,24.6300,2896
2021-12-08,24.6000,24.6200,24.5900,24.6200,5925
2021-12-09,24.5990,24.5990,24.5389,24.5389,2633
2021-12-10,24.5790,24.6000,24.5400,24.5700,11391
2021-12-13,24.5900,24.6000,24.5700,24.5877,3666
2021-12-14,24.5600,24.5700,24.5000,24.5500,7410
2021-12-15,24.2300,24.3300,24.2300,24.3280,8022
2021-12-16,24.3300,24.3300,24.3100,24.3100,7504
2021-12-17,24.2800,24.3200,24.2800,24.2887,7082
2021-12-20,24.2500,24.2500,24.2100,24.2100,13431
2021-12-21,24.3100,24.3600,24.3100,24.3481,1649
2021-12-22,24.3899,24.4200,24.3899,24.4152,16649
2021-12-23,24.4400,24.4999,24.4400,24.4880,45874
2021-12-27,24.5200,24.5400,24.5100,24.5150,3284
2021-12-28,24.5000,24.5000,24.4800,24.4900,4477
2021-12-29,24.4700,24.4800,24.4638,24.4638,4366
2021-12-30,24.4400,24.4600,24.4400,24.4550,2590
2021-12-31,24.4650,24.4700,24.4400,24.4599,20936
2022-01-03,24.4050,24.4200,24.4050,24.4152,3273
2022-01-04,24.4000,24.4000,24.3500,24.3881,3631
2022-01-05,24.3410,24.3600,24.2100,24.2300,6448
2022-01-06,24.2100,24.2599,24.1950,24.1963,12183
2022-01-07,24.3300,24.3300,24.1900,24.2000,8483
2022-01-10,24.1600,24.1800,24.1600,24.1750,13486
2022-01-11,24.1900,24.2000,24.1750,24.1750,2428
2022-01-12,24.1800,24.1800,24.1728,24.1750,2257
2022-01-13,22.2300,24.1880,22.2300,24.1600,4716
2022-01-14,24.1800,24.1900,24.1800,24.1900,13749
2022-01-18,24.2100,24.2100,24.1600,24.1800,24785
2022-01-19,24.1800,24.1800,24.1500,24.1750,12198
2022-01-20,24.1900,24.1999,24.1600,24.1800,7890
2022-01-21,24.1800,24.1800,24.1600,24.1750,15185
2022-01-24,24.1603,24.1900,24.1600,24.1800,12420
2022-01-25,24.1900,24.2000,24.1800,24.1800,5148
2022-01-26,24.1700,24.1899,24.1500,24.1698,4062
2022-01-27,24.1700,24.1700,24.1698,24.1698,4618
2022-01-28,24.1300,24.1897,24.1300,24.1649,192015
2022-01-31,24.2000,24.2100,24.1400,24.1746,20145
2022-02-01,24.1600,24.2099,24.1500,24.1746,15454
2022-02-02,24.1600,24.1750,24.1600,24.1747,1603
2022-02-03,24.1600,24.1800,24.1600,24.1700,1275
2022-02-04,22.2200,24.1900,22.2200,24.1649,3209
2022-02-07,24.1400,24.1700,24.1400,24.1698,8435
2022-02-08,24.1600,24.1698,24.1500,24.1698,20101
2022-02-09,24.1800,24.1800,24.1400,24.1648,10344
2022-02-10,24.2500,24.2500,24.1500,24.1900,15983
2022-02-11,24.1700,24.1700,24.1400,24.1648,12198
2022-02-14,24.1550,24.1683,24.1500,24.1550,8837
2022-02-15,24.1400,24.1550,24.1400,24.1550,6870
2022-02-16,24.1500,24.1550,24.1400,24.1550,9557
2022-02-17,24.1690,24.1690,24.1400,24.1400,14373
2022-02-18,24.1017,24.1500,24.1017,24.1400,3387
2022-02-22,24.1400,24.1500,24.1310,24.1500,39973
2022-02-23,24.1500,24.1689,24.1400,24.1500,9667
2022-02-24,24.1500,24.1500,24.1500,24.1500,603
2022-02-25,24.1500,24.1699,24.1500,24.1500,869
2022-02-28,24.1400,24.1400,24.1400,24.1400,4135
2022-03-01,24.1400,24.1450,24.1400,24.1450,1437
2022-03-02,24.1400,24.1600,24.1200,24.1400,6307
2022-03-03,24.0900,24.1600,24.0900,24.1200,12697
2022-03-04,24.1400,24.1400,24.1400,24.1400,4360
2022-03-07,24.1300,24.1500,24.1300,24.1350,19732
2022-03-08,24.1401,24.1500,24.1200,24.1200,24526
2022-03-09,24.1500,24.1500,24.1200,24.1200,4745
2022-03-10,24.1300,24.1400,24.1300,24.1350,19376
2022-03-11,24.1200,24.1400,24.1200,24.1350,5969
2022-03-14,24.1300,24.1350,24.1300,24.1350,3580
2022-03-15,24.1300,24.1300,24.1300,24.1300,4075
2022-03-16,24.1490,24.1500,24.1300,24.1300,3675
2022-03-17,24.1500,24.1500,24.1300,24.1300,1896
2022-03-18,22.9100,24.1490,22.9100,24.1300,2368
2022-03-21,24.1490,24.1500,24.1300,24.1300,894
2022-03-22,24.1250,24.1250,24.1250,24.1250,329
2022-03-23,24.1250,24.1400,24.1250,24.1250,6401
2022-03-24,24.1100,24.1250,24.1100,24.1250,1211
2022-03-25,24.1100,24.1250,24.1100,24.1250,844
2022-03-28,24.1100,24.1250,24.1100,24.1250,738
2022-03-29,24.1200,24.1200,24.1200,24.1200,514
2022-03-30,24.0800,24.1200,24.0800,24.1200,5489
2022-03-31,24.1200,24.1300,24.0946,24.0946,2727
2022-04-01,24.0550,24.1044,24.0550,24.1044,4686
2022-04-04,24.1410,24.2200,24.1400,24.2200,2677
2022-04-05,24.0650,24.0650,23.9800,23.9900,10421
2022-04-06,23.7800,23.8800,23.7800,23.8021,16297
2022-04-07,23.7700,23.8000,23.7700,23.7713,3525
2022-04-08,23.7750,23.7890,23.7600,23.7750,2237
2022-04-11,23.7700,23.7850,23.7700,23.7850,1046
2022-04-12,23.8000,23.8000,23.7700,23.7850,1596
2022-04-13,23.7701,23.8000,23.7700,23.7850,12588
2022-04-14,21.8000,23.7100,21.8000,23.6800,1226
2022-04-18,23.6950,23.6950,23.6800,23.6800,312
2022-04-19,23.6810,23.7100,23.6800,23.6800,5773
2022-04-20,23.6810,23.6810,23.6800,23.6800,348
2022-04-21,23.7000,23.7000,23.6800,23.6800,7629
2022-04-22,23.6500,23.6950,23.6500,23.6800,6404
2022-04-25,23.6800,23.7100,23.6800,23.6800,1445
2022-04-26,23.7400,23.7400,23.6950,23.7000,513
2022-04-27,23.7090,23.7100,23.6800,23.6800,8839
2022-04-28,23.6801,23.7000,23.6800,23.6800,6068
2022-04-29,23.6800,23.7100,23.6800,23.6950,5869
2022-05-02,23.7100,23.7100,23.6800,23.6850,8122
2022-05-03,23.6900,23.7100,23.6900,23.7100,4336
2022-05-04,23.7000,23.7000,23.7000,23.7000,4205
2022-05-05,23.6000,23.6850,23.6000,23.6850,3721
2022-05-06,23.6701,23.6850,23.6700,23.6850,1305
2022-05-09,23.6850,23.6900,23.6850,23.6850,18683
2022-05-10,23.6900,23.7000,23.6700,23.6850,22548
2022-05-11,23.6700,23.6900,23.6700,23.6850,138755
2022-05-12,23.6600,23.7000,23.6600,23.6700,25749
2022-05-13,23.6950,23.7000,23.6700,23.6700,5136
2022-05-16,23.6700,23.6800,23.6700,23.6800,483
2022-05-17,25.5700,25.5700,23.6700,23.6850,3689
2022-05-18,23.6800,23.6800,23.6600,23.6800,3374
2022-05-19,23.7000,23.7000,23.6600,23.6600,66672
2022-05-20,23.6800,23.6800,23.6750,23.6750,2097
2022-05-23,23.6900,23.6900,23.6600,23.6900,4770
2022-05-24,23.6700,23.6900,23.6700,23.6900,2048
2022-05-25,23.6900,23.6900,23.6700,23.6750,3009
2022-05-26,23.6900,23.6900,23.6750,23.6800,2958
2022-05-27,23.7400,23.7753,23.7200,23.7753,2252
2022-05-31,23.6150,23.6400,23.6100,23.6251,3891
2022-06-01,23.5500,23.6200,23.5500,23.5663,1962
2022-06-02,23.6342,23.6342,23.6342,23.6342,159
2022-06-03,23.5050,23.5050,23.4850,23.4850,141
2022-06-06,23.4800,23.4800,23.3400,23.3448,2325
2022-06-07,23.3150,23.3750,23.3150,23.3750,2401
2022-06-08,23.3590,23.3600,23.2600,23.2600,11736
2022-06-09,23.2001,23.2300,23.1400,23.1400,3352
2022-06-10,23.1700,23.1700,23.1400,23.1550,1864
2022-06-13,23.2700,23.2700,23.1500,23.1500,10751
2022-06-14,23.1890,23.1900,23.1500,23.1700,2500
2022-06-15,23.1400,23.1400,23.0700,23.0700,1337
2022-06-16,23.0710,23.0900,23.0700,23.0900,2142
2022-06-17,23.0300,23.1100,23.0000,23.0900,2390
2022-06-21,23.1000,23.1000,23.0700,23.0700,958
2022-06-22,23.0900,23.1100,23.0210,23.0300,1550
2022-06-23,23.1100,23.1100,23.0700,23.0700,23209
2022-06-24,23.0900,23.0900,23.0784,23.0900,1672
2022-06-27,23.1100,23.1100,23.1100,23.1100,414
2022-06-28,23.0900,23.0900,23.0900,23.0900,7713
2022-06-29,23.0700,23.1000,23.0700,23.0900,2552
2022-06-30,25.1800,25.1800,23.0700,23.0850,6833
2022-07-01,23.1500,23.1500,23.0700,23.0850,5587
2022-07-05,23.0800,23.0803,23.0500,23.0800,3058
2022-07-06,23.0500,23.1100,23.0500,23.0800,5825
2022-07-07,23.1200,23.1200,23.0800,23.1100,4163
2022-07-08,23.0500,23.1100,23.0500,23.0950,3099
2022-07-11,23.0900,23.1100,23.0900,23.1100,7436
2022-07-12,23.0950,23.0950,23.0950,23.0950,96
2022-07-13,23.1000,23.1100,23.0950,23.0950,4302
2022-07-14,23.1300,23.1300,23.0950,23.0950,338
2022-07-15,23.0900,23.0900,23.0900,23.0900,6
2022-07-18,23.0800,23.1000,23.0800,23.0900,4752
2022-07-19,23.1000,23.1000,23.0800,23.0850,7113
2022-07-20,23.0850,23.0850,23.0850,23.0850,58
2022-07-21,23.1100,23.2100,23.1055,23.2100,5028
2022-07-22,23.1600,23.1600,23.0500,23.1010,788
2022-07-25,23.1400,23.1400,23.1000,23.1145,457
2022-07-26,23.0000,23.0400,22.9700,22.9700,10345
2022-07-27,23.1300,23.1800,23.1300,23.1800,2688
2022-07-28,23.3500,23.4500,23.3400,23.4400,2896
2022-07-29,23.5107,23.5550,23.5000,23.5000,809
2022-08-01,23.5500,23.5800,23.4600,23.5100,16641
2022-08-02,23.5000,23.5000,23.4400,23.4400,431
2022-08-03,23.5713,23.6298,23.5700,23.6298,4929
2022-08-04,23.6600,23.7000,23.6600,23.6884,13508
2022-08-05,23.5802,23.6090,23.5802,23.6090,3699
2022-08-08,23.6300,23.6500,23.6189,23.6189,1524
2022-08-09,23.5101,23.5101,23.4600,23.4600,3334
2022-08-10,23.7500,23.7727,23.7450,23.7727,10290
2022-08-11,23.7900,23.7901,23.6300,23.6400,5176
2022-08-12,23.6000,23.7800,23.6000,23.7800,1093
2022-08-15,23.7690,23.7700,23.7500,23.7500,1291
2022-08-16,23.6475,23.7000,23.6475,23.6500,3974
2022-08-17,23.5000,23.5200,23.4490,23.4500,206273
2022-08-18,23.5000,23.5200,23.4600,23.4900,35847
2022-08-19,23.3300,23.3300,23.2562,23.2562,478
2022-08-22,23.0157,23.0157,23.0157,23.0157,249
2022-08-23,23.0900,23.0900,23.0749,23.0749,3007
2022-08-24,23.0400,23.0500,23.0400,23.0500,5214
2022-08-25,22.9900,23.0500,22.9900,23.0400,2236
2022-08-26,23.0400,23.0500,23.0400,23.0500,694
2022-08-29,23.0400,23.0500,23.0400,23.0400,552
2022-08-30,23.0500,23.0500,23.0499,23.0500,2035
2022-08-31,23.0400,23.0500,23.0400,23.0500,1713
2022-09-01,23.0400,23.0500,23.0400,23.0400,1168
2022-09-02,23.0500,23.0790,23.0400,23.0600,85682
2022-09-06,23.0600,23.0600,23.0300,23.0600,13515
2022-09-07,23.0590,23.0600,23.0300,23.0600,15463
2022-09-08,23.0300,23.0600,23.0300,23.0450,10706
2022-09-09,23.0700,23.0700,23.0300,23.0450,1211
2022-09-12,23.0900,23.0900,23.0450,23.0450,2599
2022-09-13,22.8900,22.8900,22.8125,22.8125,2227
2022-09-14,22.8490,22.8900,22.8200,22.8200,8148
2022-09-15,22.8300,22.8300,22.8200,22.8200,239
2022-09-16,22.8500,22.8500,22.8200,22.8200,15574
2022-09-19,22.8400,22.8500,22.8350,22.8350,1628
2022-09-20,22.8200,22.8500,22.8200,22.8500,7009
2022-09-21,22.8800,22.8800,22.8200,22.8350,15029
2022-09-22,22.8210,22.8700,22.8200,22.8650,3748
2022-09-23,22.8490,22.8500,22.8300,22.8400,3607
2022-09-26,22.8350,22.8497,22.8203,22.8400,2775
2022-09-27,22.8500,22.8500,22.8300,22.8400,2871
2022-09-28,22.8340,22.8400,22.8340,22.8400,1626
2022-09-29,22.8000,22.8400,22.8000,22.8400,1690
2022-09-30,22.8450,22.8450,22.8450,22.8450,6
2022-10-03,22.8600,22.8891,22.8300,22.8600,16839
2022-10-04,22.7500,22.8600,22.7500,22.8450,8370
2022-10-05,22.8400,22.8800,22.8400,22.8600,7057
2022-10-06,22.8600,22.8600,22.8450,22.8450,998
2022-10-07,22.8600,22.8900,22.8600,22.8600,8580
2022-10-10,22.8700,22.8700,22.8400,22.8400,787
2022-10-11,22.9000,22.9000,22.8400,22.8400,668
2022-10-12,22.8690,22.8700,22.8400,22.8400,8441
2022-10-13,22.8300,22.8700,22.8300,22.8600,12462
2022-10-14,22.8400,22.8700,22.8400,22.8550,21208
2022-10-17,22.7300,22.8500,22.7300,22.8499,53250
2022-10-18,22.8213,22.8500,22.8213,22.8350,10925
2022-10-19,22.7600,22.8500,22.7600,22.8500,6599
2022-10-20,22.8500,22.8500,22.8300,22.8500,66724
2022-10-21,22.8200,22.8500,22.8200,22.8500,13406
2022-10-24,22.8452,22.8500,22.8200,22.8200,6239
2022-10-25,22.8500,22.8500,22.8300,22.8300,4549
2022-10-26,22.8500,22.8500,22.8300,22.8500,10054
2022-10-27,22.8400,22.9400,22.8400,22.9100,13585
2022-10-28,23.0100,23.1100,23.0100,23.1100,13079
2022-10-31,23.0600,23.0600,22.7757,22.7757,10672
2022-11-01,23.0300,23.0300,22.8343,22.9000,2408
2022-11-02,22.8700,22.9100,22.6400,22.6800,32038
2022-11-03,22.6100,22.6100,22.5800,22.5800,6602
2022-11-04,22.6700,22.7093,22.6100,22.7093,12312
2022-11-07,22.6400,22.7600,22.6400,22.7000,70998
2022-11-08,22.7200,22.7300,22.6200,22.6900,17223
2022-11-09,22.6100,22.6100,22.4805,22.4805,2506
2022-11-10,22.8500,23.0300,22.8200,22.9100,22879
2022-11-11,23.0300,23.0400,22.9300,22.9300,2487
2022-11-14,22.9700,22.9740,22.8911,22.8911,47452
2022-11-15,22.9900,22.9900,22.8400,22.9700,2300
2022-11-16,22.9250,22.9800,22.9250,22.9600,1477
2022-11-17,22.5200,22.8700,22.5200,22.8700,76635
2022-11-18,22.9250,22.9250,22.7900,22.8350,5754
2022-11-21,22.8000,22.9500,22.7800,22.9300,26959
2022-11-22,22.9500,23.0100,22.8901,23.0100,4418
2022-11-23,23.0400,23.1400,23.0400,23.1400,6061
2022-11-25,23.0950,23.0950,23.0400,23.0400,489
2022-11-28,23.2900,23.2900,22.7700,22.7700,31583
2022-11-29,22.7700,22.9400,22.7700,22.9000,4005
2022-11-30,22.9100,23.2300,22.9100,23.2300,641
2022-12-01,23.2600,23.3100,23.1700,23.2800,11544
2022-12-02,23.1700,23.3100,23.1700,23.3000,10287
2022-12-05,23.1400,23.2299,23.0700,23.0800,4512
2022-12-06,23.0900,23.1600,22.9900,22.9900,36165
2022-12-07,23.2500,23.3100,23.0601,23.1150,9266
2022-12-08,23.1554,23.2100,23.1000,23.1100,11730
2022-12-09,23.1100,23.2500,23.1100,23.1500,10094
2022-12-12,23.1900,23.2900,23.1500,23.2250,10054
2022-12-13,23.5700,23.5900,23.3200,23.3600,4895
2022-12-14,23.6700,23.6700,23.1801,23.2600,45356
2022-12-15,23.0800,23.1500,23.0550,23.1000,3494
2022-12-16,23.0100,23.0400,22.9300,23.0300,45279
2022-12-19,22.9300,22.9600,22.8300,22.8600,142446
2022-12-20,22.8600,22.8900,22.8000,22.8000,3731
2022-12-21,23.0200,23.0200,22.9600,22.9700,3063
2022-12-22,22.8300,22.8600,22.7800,22.8000,2327
2022-12-23,22.9000,22.9199,22.8600,22.8700,3921
2022-12-27,22.9600,22.9600,22.6600,22.6600,18434
2022-12-28,22.7600,22.7600,22.3700,22.3800,7528
2022-12-29,22.4800,22.5000,22.4600,22.4600,1246
2022-12-30,22.5800,22.5997,22.5200,22.5200,25700
2023-01-03,22.6400,22.6400,22.5200,22.5200,14062
2023-01-04,22.5500,22.5500,22.5000,22.5100,33469
2023-01-05,22.5612,22.5800,22.5600,22.5600,2337
2023-01-06,22.6799,22.7404,22.6600,22.7256,6681
2023-01-09,22.8200,22.8500,22.7800,22.7800,17730
2023-01-10,22.7800,22.8000,22.7100,22.7100,33254
2023-01-11,22.7800,22.9300,22.7800,22.9120,4780
2023-01-12,23.0400,23.0450,23.0399,23.0450,551
2023-01-13,22.9300,23.0900,22.9300,23.0520,7279
2023-01-17,22.9800,23.0100,22.9799,22.9850,34253
2023-01-18,23.0300,23.1600,22.8300,23.0080,71188
2023-01-19,22.8799,22.9000,22.8600,22.8818,7709
2023-01-20,22.8450,22.9105,22.8100,22.9105,8988
2023-01-23,22.9482,22.9700,22.9099,22.9200,7476
2023-01-24,22.6400,22.7600,22.6400,22.7200,12787
2023-01-25,22.6800,22.7900,22.6100,22.7379,34298
2023-01-26,22.7800,22.8000,22.7299,22.7857,8798
2023-01-27,22.8000,22.8000,22.7500,22.7700,3811
2023-01-30,22.6300,22.6808,22.6200,22.6511,7768
2023-01-31,22.7484,22.8000,22.6800,22.7951,18120
2023-02-01,22.7700,22.9500,22.6850,22.9500,28123
2023-02-02,23.1400,23.1400,23.0500,23.0700,94725
2023-02-03,22.9800,23.0100,22.9384,22.9600,9487
2023-02-06,22.7900,22.8500,22.7900,22.8400,1838
2023-02-07,22.8400,22.9600,22.8050,22.9550,10910
2023-02-08,22.8399,22.8900,22.8000,22.8400,5204
2023-02-09,22.8400,22.8500,22.6900,22.7000,8959
2023-02-10,22.4701,22.5500,22.4700,22.5300,1592
2023-02-13,22.5350,22.5900,22.5350,22.5800,2192
2023-02-14,22.5100,22.5600,22.5100,22.5600,1279
2023-02-15,22.4000,22.4600,22.4000,22.4600,2504
2023-02-16,22.4250,22.4600,22.4100,22.4500,2956
2023-02-17,22.4250,22.4600,22.4250,22.4289,2693
2023-02-21,22.6600,22.6600,22.3875,22.3875,2786
2023-02-22,22.3100,22.4500,22.3000,22.4349,10173
2023-02-23,22.3800,22.4200,22.3800,22.4200,752
2023-02-24,22.3901,22.4400,22.3900,22.4150,4296
2023-02-27,22.3500,22.4382,22.3500,22.4150,3443
2023-02-28,22.4200,22.4400,22.4200,22.4250,1879
2023-03-01,22.4500,22.4500,22.4250,22.4250,2853
2023-03-02,22.2400,22.4237,22.2400,22.4200,22644
2023-03-03,22.4300,22.4350,22.4100,22.4350,3700
2023-03-06,22.4400,22.4600,22.4100,22.4100,7124
2023-03-07,22.3900,22.4100,22.3500,22.3500,11868
2023-03-08,22.2901,22.3300,22.2800,22.3000,5263
2023-03-09,22.3250,22.3500,22.2900,22.2900,12754
2023-03-10,22.3250,22.3397,22.3000,22.3000,1949
2023-03-13,22.2900,22.3699,22.2300,22.2300,8625
2023-03-14,22.2801,22.3250,22.2800,22.3250,2443
2023-03-15,22.2400,22.3200,22.2300,22.2300,4314
2023-03-16,22.2600,22.3600,22.2400,22.3000,17965
2023-03-17,22.3300,22.3600,22.2400,22.3500,15040
2023-03-20,22.2850,22.3600,22.2800,22.3500,16341
2023-03-21,22.3040,22.3040,22.2500,22.2500,1345
2023-03-22,22.2950,22.2950,22.2300,22.2300,6793
2023-03-23,22.3000,22.3381,22.2200,22.2383,7723
2023-03-24,22.2100,22.2500,22.2000,22.2400,6014
2023-03-27,22.2100,22.2500,22.1900,22.2200,5623
2023-03-28,22.2400,22.2500,22.1700,22.2500,12223
2023-03-29,22.1500,22.2600,22.1500,22.2361,13742
2023-03-30,22.2400,22.2600,22.1500,22.1980,12366
2023-03-31,22.3400,22.3590,22.3000,22.3300,9853
2023-04-03,22.2200,22.4000,22.1900,22.3400,19317
2023-04-04,22.3000,22.3300,22.2100,22.3100,34486
2023-04-05,22.2600,22.3100,22.1400,22.1400,12639
2023-04-06,22.1787,22.3100,22.1787,22.2675,37836
2023-04-10,22.1975,22.2600,22.1975,22.2600,4848
2023-04-11,22.2600,22.3500,22.2599,22.3200,3022
2023-04-12,22.4200,22.4200,22.2790,22.2900,2989
2023-04-13,22.4100,22.4700,22.4100,22.4500,1786
2023-04-14,22.4100,22.4100,22.2905,22.4000,8769
2023-04-17,22.2799,22.2853,22.2600,22.2853,5303
2023-04-18,22.2900,22.3300,22.2800,22.3300,9250
2023-04-19,22.0800,22.1500,22.0800,22.1200,826
2023-04-20,22.1250,22.1400,22.0800,22.1000,13658
2023-04-21,22.1000,22.1900,22.1000,22.1500,6855
2023-04-24,22.2150,22.2300,22.2100,22.2100,1059
2023-04-25,22.2310,22.2310,22.1500,22.1730,937
2023-04-26,22.1300,22.1300,22.0900,22.0900,2007
2023-04-27,22.1100,22.2000,22.1100,22.1500,3397
2023-04-28,22.2600,22.2600,22.2300,22.2400,5983
2023-05-01,22.1800,22.2100,22.1000,22.1100,10069
2023-05-02,22.1200,22.1500,22.0700,22.0700,114086
2023-05-03,22.0500,22.2300,22.0500,22.0900,45393
2023-05-04,22.0600,22.0600,22.0100,22.0330,1100
2023-05-05,22.1200,22.1300,22.1100,22.1300,2691
2023-05-08,22.1200,22.1350,22.0700,22.0900,2742
2023-05-09,22.0300,22.0600,22.0100,22.0300,29492
2023-05-10,22.1800,22.1800,22.1500,22.1500,1241
2023-05-11,22.1550,22.1774,22.1200,22.1200,3830
2023-05-12,22.0400,22.0740,22.0100,22.0310,6423
2023-05-15,22.0000,22.0700,22.0000,22.0300,38666
2023-05-16,21.7800,22.0188,21.7800,21.9000,2473
2023-05-17,21.9000,21.9000,21.8200,21.8200,7432
2023-05-18,21.8800,21.8900,21.8300,21.8650,6359
2023-05-19,21.8800,21.8800,21.8300,21.8600,2932
2023-05-22,21.8700,21.8900,21.8300,21.8600,5779
2023-05-23,21.8700,21.8700,21.8400,21.8700,2956
2023-05-24,21.8750,21.8800,21.8500,21.8750,2704
2023-05-25,21.8600,21.8800,21.8400,21.8700,15921
2023-05-26,21.8209,21.9090,21.8209,21.8700,1898
2023-05-30,21.8700,21.9000,21.8400,21.8700,52180
2023-05-31,21.8500,21.8800,21.8500,21.8619,2571
2023-06-01,21.8880,21.9000,21.8415,21.8620,23122
2023-06-02,21.8600,21.8897,21.8516,21.8700,5807
2023-06-05,21.8400,21.8500,21.8300,21.8332,10407
2023-06-06,21.8400,21.9000,21.8200,21.8740,6712
2023-06-07,21.7708,21.8100,21.7708,21.8100,8708
2023-06-08,21.7800,21.9343,21.7800,21.9343,8734
2023-06-09,21.9400,21.9800,21.9119,21.9369,6620
2023-06-12,21.8500,21.9400,21.8202,21.8911,10104
2023-06-13,21.9600,21.9800,21.9010,21.9500,5029
2023-06-14,22.0000,22.0200,21.9600,21.9600,14437
2023-06-15,21.8700,22.0800,21.8700,22.0700,56309
2023-06-16,22.0600,22.0600,21.9900,21.9946,25166
2023-06-20,21.9400,21.9950,21.9400,21.9700,29744
2023-06-21,21.9200,21.9400,21.8275,21.8800,97966
2023-06-22,21.8200,21.8200,21.8000,21.8100,13261
2023-06-23,21.7500,21.7800,21.7300,21.7500,6247
2023-06-26,21.7700,21.8200,21.7700,21.8000,1744
2023-06-27,21.8200,21.8600,21.8200,21.8500,1713
2023-06-28,21.8700,21.9700,21.8700,21.9700,12595
2023-06-29,21.8600,21.9200,21.8300,21.9200,10505
2023-06-30,22.0300,22.0500,22.0300,22.0300,8468
2023-07-03,21.9989,21.9989,21.9800,21.9850,14482
2023-07-05,21.9500,21.9600,21.9050,21.9300,96371
2023-07-06,21.7450,21.7850,21.7450,21.7850,10640
2023-07-07,21.9000,21.9100,21.8100,21.8100,22845
2023-07-10,21.8600,21.8900,21.8500,21.8710,4203
2023-07-11,21.9400,22.0000,21.9400,21.9900,24843
2023-07-12,22.1310,22.1400,22.1200,22.1400,2330
2023-07-13,22.2610,22.2900,22.2600,22.2873,1046
2023-07-14,22.1801,22.2000,22.1108,22.1400,11175
2023-07-17,22.1550,22.1900,22.1550,22.1750,4404
2023-07-18,22.2200,22.2450,22.2000,22.2101,159074
2023-07-19,22.1500,22.1700,22.1400,22.1400,4450
2023-07-20,21.9600,22.0590,21.9600,22.0590,15380
2023-07-21,22.0800,22.1300,22.0800,22.0900,7344
2023-07-24,22.0200,22.1300,22.0200,22.0792,4330
2023-07-25,22.0400,22.0600,22.0300,22.0400,7126
2023-07-26,22.0650,22.1299,22.0650,22.1279,5126
2023-07-27,22.1300,22.1600,21.9300,21.9670,25232
2023-07-28,22.0600,22.0800,22.0500,22.0800,2794
2023-07-31,22.1300,22.1700,22.1100,22.1700,19249
2023-08-01,22.0000,22.0600,22.0000,22.0264,22116
2023-08-02,21.9550,21.9710,21.9550,21.9710,16081
2023-08-03,21.9290,21.9290,21.9000,21.9000,2251
2023-08-04,21.9900,22.0800,21.9900,22.0100,25629
2023-08-07,22.0209,22.0700,22.0100,22.0600,20840
2023-08-08,22.0260,22.1000,22.0260,22.1000,7940
2023-08-09,22.0700,22.1200,22.0650,22.1100,9699
2023-08-10,22.1160,22.1300,22.0700,22.0890,9961
2023-08-11,22.0250,22.0400,22.0200,22.0327,2484
2023-08-14,22.0790,22.0800,22.0400,22.0600,1539
2023-08-15,22.0200,22.0300,21.9900,21.9900,5754
2023-08-16,21.8800,21.8990,21.8200,21.8250,18780
2023-08-17,21.8110,21.8110,21.6900,21.7110,12484
2023-08-18,21.7800,21.7900,21.7110,21.7200,11524
2023-08-21,21.6900,21.7300,21.6900,21.7250,2666
2023-08-22,21.7017,21.7250,21.7000,21.7100,3292
2023-08-23,21.7200,21.7200,21.7001,21.7100,5656
2023-08-24,21.7300,21.7300,21.7100,21.7300,2033
2023-08-25,21.7800,21.7800,21.7100,21.7300,1863
2023-08-28,21.7450,21.7450,21.7000,21.7300,6361
2023-08-29,21.7600,21.8000,21.7500,21.8000,11909
2023-08-30,21.8000,21.8300,21.8000,21.8100,8185
2023-08-31,21.7850,21.8100,21.7700,21.8100,3343
2023-09-01,21.7500,21.8600,21.7500,21.8100,13866
2023-09-05,21.7541,21.7800,21.7100,21.7250,27393
2023-09-06,21.6700,21.6738,21.6262,21.6600,3282
2023-09-07,21.6800,21.7200,21.6800,21.7200,6037
2023-09-08,21.7550,21.7550,21.7100,21.7200,2451
2023-09-11,21.7200,21.7600,21.7200,21.7451,4536
2023-09-12,21.7400,21.7400,21.7102,21.7400,15321
2023-09-13,21.7600,21.8299,21.7590,21.7800,14906
2023-09-14,21.8100,21.8150,21.7800,21.7900,8425
2023-09-15,21.7750,21.7900,21.7500,21.7500,7485
2023-09-18,21.7416,21.7700,21.7400,21.7400,2106
2023-09-19,21.7100,21.7399,21.6800,21.6800,10906
2023-09-20,21.6100,21.6207,21.5650,21.5650,5948
2023-09-21,21.4795,21.4795,21.4000,21.4250,944
2023-09-22,21.4200,21.4750,21.4100,21.4400,3716
2023-09-25,21.3800,21.4282,21.3800,21.4195,3487
2023-09-26,21.4100,21.4100,21.3900,21.3900,3049
2023-09-27,21.4450,21.4450,21.4108,21.4450,2311
2023-09-28,21.4500,21.4700,21.4200,21.4450,2725
2023-09-29,21.4450,21.4600,21.4450,21.4450,2156
2023-10-02,21.4500,21.4550,21.4411,21.4550,8056
2023-10-03,21.4550,21.4700,21.4400,21.4550,9632
2023-10-04,21.4413,21.4700,21.4413,21.4550,9692
2023-10-05,21.4600,21.4800,21.4600,21.4800,8653
2023-10-06,21.4700,21.4700,21.4500,21.4510,17805
2023-10-09,21.4600,21.4600,21.4600,21.4600,2949
2023-10-10,21.5600,21.5600,21.4600,21.4600,9152
2023-10-11,21.4700,21.4800,21.4600,21.4600,14315
2023-10-12,21.4850,21.4900,21.4700,21.4700,13906
2023-10-13,21.4763,21.5000,21.4604,21.4800,6223
2023-10-16,21.4500,21.4850,21.4500,21.4850,1005
2023-10-17,21.4850,21.5000,21.4720,21.4850,7953
2023-10-18,21.4500,21.4500,21.4400,21.4400,9767
2023-10-19,21.4550,21.4550,21.4400,21.4500,844
2023-10-20,21.4650,21.4650,21.4400,21.4400,1321
2023-10-23,21.4700,21.4700,21.4400,21.4700,1372
2023-10-24,21.4600,21.4600,21.4500,21.4500,1014
2023-10-25,21.4400,21.4600,21.4400,21.4500,890
2023-10-26,21.4500,21.4750,21.4500,21.4600,5030
2023-10-27,21.4600,21.4650,21.4500,21.4600,2993
2023-10-30,21.4600,21.4600,21.4500,21.4500,10870
2023-10-31,21.4600,21.4800,21.4600,21.4700,3015
2023-11-01,21.4800,21.4800,21.4600,21.4800,13976
2023-11-02,21.4400,21.5000,21.4400,21.4850,22746
2023-11-03,21.5205,21.5950,21.5101,21.5900,41242
2023-11-06,21.5500,21.5500,21.4907,21.4907,7350
2023-11-07,21.4800,21.5200,21.4800,21.5000,12248
2023-11-08,21.5209,21.5209,21.5209,21.5209,337
2023-11-09,21.3950,21.3950,21.3950,21.3950,32
2023-11-10,21.1700,21.4885,21.1700,21.4885,987
2023-11-13,21.4000,21.4700,21.4000,21.4600,16883
2023-11-14,21.6900,21.7290,21.6833,21.6833,3940
2023-11-15,21.5800,21.6000,21.5700,21.6000,16507
2023-11-16,21.6052,21.6052,21.6052,21.6052,24
2023-11-17,21.6300,21.6600,21.6200,21.6450,1606
2023-11-20,21.6200,21.7100,21.6200,21.6900,3821
2023-11-21,21.8800,21.8800,21.6610,21.6904,2257
2023-11-22,21.7200,21.7497,21.7200,21.7300,890
2023-11-24,21.7300,21.7300,21.7000,21.7000,1931
2023-11-27,21.7600,21.7600,21.7300,21.7500,3581
2023-11-28,21.6500,21.8350,21.6500,21.8350,1659
2023-11-29,21.9300,21.9300,21.9300,21.9300,122
2023-11-30,21.8400,21.8800,21.8400,21.8750,9613
2023-12-01,21.8700,22.0600,21.8700,22.0600,13402
2023-12-04,21.9100,22.0200,21.9100,22.0200,22640
2023-12-05,22.0372,22.0700,22.0200,22.0500,49769
2023-12-06,22.0100,22.5900,22.0100,22.0551,6752
2023-12-07,21.9700,22.0850,21.9700,22.0813,4407
2023-12-08,22.0300,22.0300,22.0153,22.0153,1404
2023-12-11,22.0000,22.0300,22.0000,22.0300,3662
2023-12-12,21.9400,22.0900,21.9400,22.0900,5140
2023-12-13,22.0900,22.3919,22.0900,22.3919,5642
2023-12-14,22.4700,22.5400,22.4700,22.5043,14477
2023-12-15,22.4600,22.4700,22.4300,22.4600,6067
2023-12-18,22.4413,22.4800,22.4413,22.4700,2190
2023-12-19,22.4600,22.5700,22.4600,22.5550,1772
2023-12-20,22.5100,22.6200,22.5100,22.5515,3993
2023-12-21,22.4800,22.6396,22.4800,22.6396,10605
2023-12-22,22.6400,22.6400,22.6000,22.6000,5116
2023-12-26,22.5700,22.6400,22.5700,22.6350,8302
2023-12-27,22.7100,22.7200,22.6800,22.7100,3497
2023-12-28,22.6500,22.6580,22.6400,22.6500,1312
2023-12-29,22.5900,22.6000,22.5600,22.5600,8509
2024-01-02,22.2900,22.5200,22.2900,22.4900,1948
2024-01-03,22.3800,22.4700,22.3800,22.4300,25784
2024-01-04,22.4000,22.4000,22.3600,22.3600,8865
2024-01-05,22.3516,22.3800,22.3400,22.3800,2700
2024-01-08,22.4800,22.5042,22.4700,22.4900,6369
2024-01-09,22.5523,22.5523,22.5523,22.5523,46
2024-01-10,22.5900,22.5900,22.5600,22.5800,5736
2024-01-11,22.6200,22.6500,22.6100,22.6500,3682
2024-01-12,22.7200,22.7200,22.6678,22.7100,7297
2024-01-16,22.5600,22.5900,22.5445,22.5445,25703
2024-01-17,22.2600,22.4800,22.2600,22.4727,6001
2024-01-18,22.2700,22.2900,22.2700,22.2900,6180
2024-01-19,22.3100,22.3500,22.3000,22.3500,7475
2024-01-22,22.3100,22.4100,22.3100,22.3700,5147
2024-01-23,22.3000,22.3349,22.3000,22.3349,2237
2024-01-24,22.3600,22.3630,22.3146,22.3146,11128
2024-01-25,22.3200,22.4701,22.3200,22.4701,1760
